INSERT INTO
    topic (id, title, created_at, deleted_at)
VALUES
    (1, 'はじめてのトピック', '2020-01-01 00:00:00', null),
    (2, '削除依頼専用トピック', '2020-01-01 00:00:00', null),
    (3, '新型コロナ xxx 人感染確認 xx番目の多さ', '2020-01-01 00:00:00', null),
    (4, '平成を振り返るニュース','2020-01-01 00:00:00', null),
    (5, '今日は何の日？', '2020-01-01 00:00:00', null),
    (6, '削除されたトピック','2020-01-01 00:00:00', '2020-01-01 00:00:00'),
    (7, '暖房いらない暖かさ。光熱費節約...', '2020-01-01 00:00:00', null),
    (8, '久しぶりに長崎に帰省しました。', '2020-01-01 00:00:00', null),
    (9, '安物買いは銭失い！', '2020-01-01 00:00:00', null),
    (10, '年齢とともに痩せにくくなるのはナゼ？', '2020-01-01 00:00:00', null),
    (11, 'いま欲しいのは昔懐かしいレトロなアイテム', '2020-01-01 00:00:00', null),
    (12, 'あおり運転は何故いま多いの？', '2020-01-01 00:00:00', null),
    (13, 'お家をリフォームする？', '2020-01-01 00:00:00', null),
    (14, '令和でどう変わる？', '2020-01-01 00:00:00', null),
    (15, 'バーゼル条約が締結', '2020-01-01 00:00:00', null),
    (16, 'コロナ相場はどこまで続くのか', '2020-01-01 00:00:00', null),
    (17, '日本の防衛費について', '2020-01-01 00:00:00', null),
    (18, '2004年に発表された米国防総省のデータ', '2020-01-01 00:00:00', null),
    (19, '強化プラスチックを使って約1kg軽量化', '2020-01-01 00:00:00', null),
    (20, 'アート好きな人のための展覧会', '2020-01-01 00:00:00', null),
    (21, '「令和」と「昭和」の違いが面白い！', '2020-01-01 00:00:00', null),
    (22, '面白い職場って', '2020-01-01 00:00:00', null),
    (23, '初心者におすすめの将棋マンガ', '2020-01-01 00:00:00', null),
    (24, '人と違うからこそ人生はおもしろい！', '2020-01-01 00:00:00', null),
    (25, '1000円で坦々麺が食べ放題！', '2020-01-01 00:00:00', null),
    (26, '幻の屋台でキャンペーン!', '2020-01-01 00:00:00', null),
    (27, '使いやすい子供向けのパソコン', '2020-01-01 00:00:00', null),
    (28, 'テレワークの疲れを癒すグッズ', '2020-01-01 00:00:00', null),
    (29, '面白いコミックエッセイ', '2020-01-01 00:00:00', null),
    (30, '息抜きしたい子育てママにおすすめ', '2020-01-01 00:00:00', null),
    (31, 'ダーツ好きですが最近はあまり行けてないです。', '2020-01-01 00:00:00', null),
    (32, 'F1にはまっています', '2020-01-01 00:00:00', null),
    (33, 'もし違う作戦だったら？', '2020-01-01 00:00:00', null),
    (34, 'イタリアンとフレンチの違いは？', '2020-01-01 00:00:00', null),
    (35, 'ハンバーグのつくりかた', '2020-01-01 00:00:00', null),
    (36, '社会人におすすめのアイテムありますか？', '2020-01-01 00:00:00', null),
    (37, 'すぐに始められる大人の趣味', '2020-01-01 00:00:00', null),
    (38, '明日は今朝以上の冷え込み', '2020-01-01 00:00:00', null),
    (39, '蜃気楼が発生! 浮島現象', '2020-01-01 00:00:00', null),
    (40, '明日の株式相場に向けて', '2020-01-01 00:00:00', null),
    (41, '個人投資家とプログラミング売買', '2020-01-01 00:00:00', null),
    (42, '新型コロナウイルスの影響での「STAY HOME」', '2020-01-01 00:00:00', null),
    (43, '在宅ワークは意外と大変！', '2020-01-01 00:00:00', null),
    (44, '今日食べたいごはん', '2020-01-01 00:00:00', null),
    (45, '東京のテーマパークレストラン', '2020-01-01 00:00:00', null),
    (46, 'おすすめの絵本は', '2020-01-01 00:00:00', null),
    (47, '必ずチケットがあたる方法', '2020-01-01 00:00:00', null),
    (48, 'パーク内の料理がおいしくなった', '2020-01-01 00:00:00', null),
    (49, '秋の紅葉とライトアップを見に行きたい', '2020-01-01 00:00:00', null),
    (50, '国営昭和記念公園がおすすめなワケ', '2020-01-01 00:00:00', null),
    (51, '言われるまで不味いとわからないモノ', '2020-01-01 00:00:00', null),
    (52, '国が分断されるような状況は悲しい', '2020-01-01 00:00:00', null),
    (53, '昔は数千円するアルバムが100万枚も売れてた', '2020-01-01 00:00:00', null),
    (54, 'ソシャゲばかりやってそうな中高生', '2020-01-01 00:00:00', null),
    (55, '『鬼滅の刃』の大ヒット', '2020-01-01 00:00:00', null),
    (56, '自家用車で会場に行く場合の注意事項', '2020-01-01 00:00:00', null),
    (57, '本日（１月１日）の練習について', '2020-01-01 00:00:00', null),
    (58, '友達への連絡って', '2020-01-01 00:00:00', null),
    (59, '高速道路大渋滞の可能性', '2020-01-01 00:00:00', null),
    (60, '15インチホイールを探しています！', '2020-01-01 00:00:00', null),
    (61, 'インターネット注文は解約できない？', '2020-01-01 00:00:00', null),
    (62, 'ダブルワークについて教えてほしい', '2020-01-01 00:00:00', null),
    (63, '【急募】おすすめの内科を教えてください', '2020-01-01 00:00:00', null),
    (64, 'テニスコートってどこにありますか', '2020-01-01 00:00:00', null),
    (65, 'お母さんは勘吉', '2020-01-01 00:00:00', null),
    (66, 'まゆげのお手入れについて教えてください', '2020-01-01 00:00:00', null),
    (67, '占いを信じてしまう', '2020-01-01 00:00:00', null),
    (68, '屋台のラーメンに1人で行くのは変？', '2020-01-01 00:00:00', null),
    (69, '弁護士さん探してます！', '2020-01-01 00:00:00', null),
    (70, '古本を高額買い取りしてくれる店を教えて欲しいです', '2020-01-01 00:00:00', null),
    (71, '格安SIM詳しい方', '2020-01-01 00:00:00', null),
    (72, 'もち麦', '2020-01-01 00:00:00', null),
    (73, '石垣島', '2020-01-01 00:00:00', null),
    (74, 'プログラミングの出来る方', '2020-01-01 00:00:00', null),
    (75, '職場に食堂ってありますか？', '2020-01-01 00:00:00', null),
    (76, '箸の正しい持ち方', '2020-01-01 00:00:00', null),
    (77, 'この魚は何ですか？', '2020-01-01 00:00:00', null),
    (78, 'テニス教えてください', '2020-01-01 00:00:00', null),
    (79, '東京の砂場がある公園', '2020-01-01 00:00:00', null),
    (80, '良質な牛肉', '2020-01-01 00:00:00', null),
    (81, '車に詳しい方教えてください！', '2020-01-01 00:00:00', null),
    (82, '東京の懐石料理', '2020-01-01 00:00:00', null),
    (83, '日本一周したい。', '2020-01-01 00:00:00', null),
    (84, '一眼レフがある生活ってどうですか？', '2020-01-01 00:00:00', null),
    (85, '仕事で嫌だった事教えてください！', '2020-01-01 00:00:00', null),
    (86, '吉祥寺の動物園へ行ったことがある人', '2020-01-01 00:00:00', null),
    (87, '英語の勉強法について', '2020-01-01 00:00:00', null),
    (88, '大阪で松坂牛が購入できるところ教えてください！', '2020-01-01 00:00:00', null),
    (89, 'テニスサークル探してます', '2020-01-01 00:00:00', null),
    (90, 'オススメのスマホについて', '2020-01-01 00:00:00', null),
    (91, 'オススメのサイトを教えて下さい', '2020-01-01 00:00:00', null),
    (92, '写真の事を教えてくれませんか？', '2020-01-01 00:00:00', null),
    (93, '子供のパソコン教室', '2020-01-01 00:00:00', null),
    (94, '福岡観光といえば？', '2020-01-01 00:00:00', null),
    (95, '東京の美味しいお店', '2020-01-01 00:00:00', null),
    (96, 'ローンについて', '2020-01-01 00:00:00', null),
    (97, 'キャンプしたい', '2020-01-01 00:00:00', null),
    (98, 'スカイダイビングやってみたい', '2020-01-01 00:00:00', null),
    (99, '餅投げ', '2020-01-01 00:00:00', null),
    (100, '新しいお菓子を教えて!', '2020-01-01 00:00:00', null),
    (101, '1人暮らし', '2020-01-01 00:00:00', null),
    (102, 'お花見スポットおしえてください', '2020-01-01 00:00:00', null),
    (103, 'ザリガニ釣りできるところ', '2020-01-01 00:00:00', null),
    (104, '冬のゲレンデに新しいエンターテイメント！', '2020-01-01 00:00:00', null);


INSERT INTO
    comment (id, topic_id, text, created_at, deleted_at)
VALUES
    (1, 1, 'はじめてのコメント', '2020-01-01 00:00:00', null),
    (2, 2, 'トピックやコメントの削除に関することをこちらへお願いします。', '2020-01-01 00:00:00', null),
    (3, 3, '新型コロナの感染者数が全く減りませんね....', '2020-01-01 00:00:00', null),
    (4, 4, '冷戦終結・ベルリンの壁崩壊・第1回「大学入試センター試験」・バブル崩壊', '2020-01-01 00:00:00', null),
    (5, 5, '元旦', '2020-01-01 00:00:00', null),
    (6, 6, '削除されたコメント', '2020-01-01 00:00:00',  '2020-01-01 00:00:00'),
    (7, 7, '冬はやっぱりコタツが1番！', '2020-01-01 00:00:00', null),
    (8, 8, '街が昔のまま残っていて懐かしい気持ちでした。', '2020-01-01 00:00:00', null),
    (9, 9, '安いものは品質が落ちるので、買ったときは得をしたように感じるが、すぐに壊れて使い物にならなくなるから、結局は高い買い物をすることになるということ。', '2020-01-01 00:00:00', null),
    (10, 10, '基礎代謝を上げるために筋肉をつけるべきでしょうか？', '2020-01-01 00:00:00', null),
    (11, 11, 'レトロな小物ってなんか良いと思いませんか？', '2020-01-01 00:00:00', null),
    (12, 12, 'あおり運転の法律ができましたが怖い世の中ですね...', '2020-01-01 00:00:00', null),
    (13, 13, 'リフォームして綺麗になると気分が良いよね！', '2020-01-01 00:00:00', null),
    (14, 14, '', '2020-01-01 00:00:00', null),
    (15, 15, '', '2020-01-01 00:00:00', null),
    (16, 16, '', '2020-01-01 00:00:00', null),
    (17, 17, '', '2020-01-01 00:00:00', null),
    (18, 18, '', '2020-01-01 00:00:00', null),
    (19, 19, '', '2020-01-01 00:00:00', null),
    (20, 20, '', '2020-01-01 00:00:00', null),


INSERT INTO
    comment_popularity (comment_id, likes, dislikes)
VALUES
    (1, 100, 1),
    (2, 0, 0),
    (4, 1, 1);

INSERT INTO
    comment_reply (comment_id, reply_to_comment_id)
VALUES
    (2, 1),
    (3, 1);
